"Data Source","World Development Indicators",

"Last Updated Date","2020-03-18",

"Country Name","Country Code","Indicator Name","Indicator Code","1960","1961","1962","1963","1964","1965","1966","1967","1968","1969","1970","1971","1972","1973","1974","1975","1976","1977","1978","1979","1980","1981","1982","1983","1984","1985","1986","1987","1988","1989","1990","1991","1992","1993","1994","1995","1996","1997","1998","1999","2000","2001","2002","2003","2004","2005","2006","2007","2008","2009","2010","2011","2012","2013","2014","2015","2016","2017","2018","2019",
"Aruba","ABW","Research and development expenditure (% of GDP)","GB.XPD.RSDV.GD.ZS","","","","","","","","","","","","","","","","","","","","","","","","","","","","","","","","","","","","","","","","","","","","","","","","","","","","","","","","","","","","",
"Afghanistan","AFG","Research and development expenditure (% of GDP)","GB.XPD.RSDV.GD.ZS","","","","","","","","","","","","","","","","","","","","","","","","","","","","","","","","","","","","","","","","","","","","","","","","","","","","","","","","","","","","",
"Angola","AGO","Research and development expenditure (% of GDP)","GB.XPD.RSDV.GD.ZS","","","","","","","","","","","","","","","","","","","","","","","","","","","","","","","","","","","","","","","","","","","","","","","","","","","","","","","","","0.03229","","","",
"Albania","ALB","Research and development expenditure (% of GDP)","GB.XPD.RSDV.GD.ZS","","","","","","","","","","","","","","","","","","","","","","","","","","","","","","","","","","","","","","","","","","","","","","","","0.08757","0.15412","","","","","","","","","","","",
"Andorra","AND","Research and development expenditure (% of GDP)","GB.XPD.RSDV.GD.ZS","","","","","","","","","","","","","","","","","","","","","","","","","","","","","","","","","","","","","","","","","","","","","","","","","","","","","","","","","","","","",
"Arab World","ARB","Research and development expenditure (% of GDP)","GB.XPD.RSDV.GD.ZS","","","","","","","","","","","","","","","","","","","","","","","","","","","","","","","","","","","","","","","","","","","","","","","","","","","","0.562128930108021","","","","","","","","",
"United Arab Emirates","ARE","Research and development expenditure (% of GDP)","GB.XPD.RSDV.GD.ZS","","","","","","","","","","","","","","","","","","","","","","","","","","","","","","","","","","","","","","","","","","","","","","","","","","","","0.48622","","","0.6936","0.89504","0.96366","","1.30316","",
"Argentina","ARG","Research and development expenditure (% of GDP)","GB.XPD.RSDV.GD.ZS","","","","","","","","","","","","","","","","","","","","","","","","","","","","","","","","","","","","","0.41749","0.41959","0.41131","0.45337","0.43884","0.42461","0.38886","0.41013","0.40376","0.42074","0.45216","0.46007","0.47055","0.58398","0.56104","0.56597","0.63491","0.61849","0.59396","0.62262","0.55815","0.54152","","",
"Armenia","ARM","Research and development expenditure (% of GDP)","GB.XPD.RSDV.GD.ZS","","","","","","","","","","","","","","","","","","","","","","","","","","","","","","","","","","","","","","0.18692","0.22601","0.214","0.19106","0.27987","0.25255","0.32109","0.25659","0.25761","0.24057","0.21107","0.22438","0.29093","0.24139","0.27014","0.23853","0.22216","0.24151","0.25002","0.23305","0.22788","0.18913","",
"American Samoa","ASM","Research and development expenditure (% of GDP)","GB.XPD.RSDV.GD.ZS","","","","","","","","","","","","","","","","","","","","","","","","","","","","","","","","","","","","","","","","","","","","0.1868","0.32337","0.36473","0.39313","","","","","","","","","","","","","",
"Antigua and Barbuda","ATG","Research and development expenditure (% of GDP)","GB.XPD.RSDV.GD.ZS","","","","","","","","","","","","","","","","","","","","","","","","","","","","","","","","","","","","","","","","","","","","","","","","","","","","","","","","","","","","",
"Australia","AUS","Research and development expenditure (% of GDP)","GB.XPD.RSDV.GD.ZS","","","","","","","","","","","","","","","","","","","","","","","","","","","","","","","","","","","","","1.6665","","1.51645","","1.57558","","1.75161","","1.85456","","2.18552","","2.4037","","2.37586","2.23765","","2.1787","","1.91943","","","","",
"Austria","AUT","Research and development expenditure (% of GDP)","GB.XPD.RSDV.GD.ZS","","","","","","","","","","","","","","","","","","","","","","","","","","","","","","","","","","","","","1.58077","1.65491","1.73155","1.84537","1.88602","1.9921","2.06598","2.17456","2.16612","2.37324","2.35923","2.41843","2.56945","2.59674","2.7261","2.66868","2.91472","2.95492","3.08429","3.04979","3.12523","3.15743","","",
"Azerbaijan","AZE","Research and development expenditure (% of GDP)","GB.XPD.RSDV.GD.ZS","","","","","","","","","","","","","","","","","","","","","","","","","","","","","","","","","","","","","0.23533","0.3695","0.42125","0.39289","0.336","0.34001","0.30155","0.32496","0.29831","0.21994","0.17165","0.17006","0.16554","0.24976","0.21848","0.21084","0.21427","0.20969","0.20978","0.22232","0.20637","0.18468","0.18484","",
"Burundi","BDI","Research and development expenditure (% of GDP)","GB.XPD.RSDV.GD.ZS","","","","","","","","","","","","","","","","","","","","","","","","","","","","","","","","","","","","","","","","","","","","","","","","0.20068","0.15417","0.14096","0.13719","0.12776","","","","","","","","",
"Belgium","BEL","Research and development expenditure (% of GDP)","GB.XPD.RSDV.GD.ZS","","","","","","","","","","","","","","","","","","","","","","","","","","","","","","","","","","","","","1.72963","1.79476","1.82362","1.89068","1.92236","2.02168","1.89073","1.83184","1.80898","1.78231","1.81426","1.84413","1.92413","1.98537","2.05081","2.15533","2.27334","2.33393","2.38729","2.46123","2.54569","2.59448","","",
"Benin","BEN","Research and development expenditure (% of GDP)","GB.XPD.RSDV.GD.ZS","","","","","","","","","","","","","","","","","","","","","","","","","","","","","","","","","","","","","","","","","","","","","","","","","","","","","","","","","","","","",
"Burkina Faso","BFA","Research and development expenditure (% of GDP)","GB.XPD.RSDV.GD.ZS","","","","","","","","","","","","","","","","","","","","","","","","","","","","","","","","","","","","","0.15834","0.18104","","","","0.19057","0.33866","0.27119","0.24197","0.17057","","0.11062","0.18634","0.20005","","","","","0.22183","","","0.70072","","",
"Bangladesh","BGD","Research and development expenditure (% of GDP)","GB.XPD.RSDV.GD.ZS","","","","","","","","","","","","","","","","","","","","","","","","","","","","","","","","","","","","","","","","","","","","","","","","","","","","","","","","","","","","",
"Bulgaria","BGR","Research and development expenditure (% of GDP)","GB.XPD.RSDV.GD.ZS","","","","","","","","","","","","","","","","","","","","","","","","","","","","","","","","","","","","","0.42201","0.46981","0.48509","0.54066","0.49866","0.45052","0.46834","0.47587","0.47449","0.44617","0.4454","0.43024","0.44787","0.4947","0.56387","0.53191","0.60479","0.63724","0.79377","0.96015","0.78006","0.75239","","",
"Bahrain","BHR","Research and development expenditure (% of GDP)","GB.XPD.RSDV.GD.ZS","","","","","","","","","","","","","","","","","","","","","","","","","","","","","","","","","","","","","","","","","","","","","","","","","","","","","","","0.10116","","","","","",
"Bahamas, The","BHS","Research and development expenditure (% of GDP)","GB.XPD.RSDV.GD.ZS","","","","","","","","","","","","","","","","","","","","","","","","","","","","","","","","","","","","","","","","","","","","","","","","","","","","","","","","","","","","",
"Bosnia and Herzegovina","BIH","Research and development expenditure (% of GDP)","GB.XPD.RSDV.GD.ZS","","","","","","","","","","","","","","","","","","","","","","","","","","","","","","","","","","","","","","","","","","","","0.01854","0.01524","0.02697","0.01969","0.02521","0.01842","0.02106","","","0.26533","0.32132","0.25725","0.2186","0.21594","0.20048","0.1988","",
"Belarus","BLR","Research and development expenditure (% of GDP)","GB.XPD.RSDV.GD.ZS","","","","","","","","","","","","","","","","","","","","","","","","","","","","","","","","","","","","","0.99852","0.73","0.70578","0.84523","0.7221","0.70876","0.6209","0.61147","0.62759","0.67852","0.66065","0.96203","0.74147","0.62167","0.65268","0.6776","0.64603","0.65191","0.50548","0.49999","0.50063","0.58411","0.60817","",
"Belize","BLZ","Research and development expenditure (% of GDP)","GB.XPD.RSDV.GD.ZS","","","","","","","","","","","","","","","","","","","","","","","","","","","","","","","","","","","","","","","","","","","","","","","","","","","","","","","","","","","","",
"Bermuda","BMU","Research and development expenditure (% of GDP)","GB.XPD.RSDV.GD.ZS","","","","","","","","","","","","","","","","","","","","","","","","","","","","","","","","","","","","","","0.05885","","","","","","","","","","0.1839","0.19033","0.20436","0.2046","0.29487","0.26754","0.22474","0.21586","0.22036","","","","",
"Bolivia","BOL","Research and development expenditure (% of GDP)","GB.XPD.RSDV.GD.ZS","","","","","","","","","","","","","","","","","","","","","","","","","","","","","","","","","","","","","0.32544","0.31577","0.29495","0.29836","0.28744","0.29358","0.27663","","","","","","","0.157","","","","","","","","","","",
"Brazil","BRA","Research and development expenditure (% of GDP)","GB.XPD.RSDV.GD.ZS","","","","","","","","","","","","","","","","","","","","","","","","","","","","","","","","","","","","","","","","","1.04751","1.06198","1.00968","0.99939","0.96343","1.00246","0.98807","1.08138","1.12904","1.11866","1.15992","1.13966","1.12684","1.19567","1.27131","1.34264","1.26417","1.26326","","",
"Barbados","BRB","Research and development expenditure (% of GDP)","GB.XPD.RSDV.GD.ZS","","","","","","","","","","","","","","","","","","","","","","","","","","","","","","","","","","","","","","","","","","","","","","","","","","","","","","","","","","","","",
"Brunei Darussalam","BRN","Research and development expenditure (% of GDP)","GB.XPD.RSDV.GD.ZS","","","","","","","","","","","","","","","","","","","","","","","","","","","","","","","","","","","","","","","","","","","0.01592","0.01842","0.03701","","","","","","","","","","","","","","","",
"Bhutan","BTN","Research and development expenditure (% of GDP)","GB.XPD.RSDV.GD.ZS","","","","","","","","","","","","","","","","","","","","","","","","","","","","","","","","","","","","","","","","","","","","","","","","","","","","","","","","","","","","",
"Botswana","BWA","Research and development expenditure (% of GDP)","GB.XPD.RSDV.GD.ZS","","","","","","","","","","","","","","","","","","","","","","","","","","","","","","","","","","","","","","","","","","","","","","0.53286","","","","","","","0.2588","0.53728","","","","","","",
"Central African Republic","CAF","Research and development expenditure (% of GDP)","GB.XPD.RSDV.GD.ZS","","","","","","","","","","","","","","","","","","","","","","","","","","","","","","","","","","","","","","","","","","","","","","","","","","","","","","","","","","","","",
"Canada","CAN","Research and development expenditure (% of GDP)","GB.XPD.RSDV.GD.ZS","","","","","","","","","","","","","","","","","","","","","","","","","","","","","","","","","","","","","1.61209","1.61921","1.71643","1.75587","1.86469","2.02831","1.97873","1.97478","2.00416","1.97759","1.94872","1.90857","1.8604","1.92227","1.82958","1.79132","1.7766","1.70964","1.71824","1.69718","1.69728","1.591","1.55277","",
"Central Europe and the Baltics","CEB","Research and development expenditure (% of GDP)","GB.XPD.RSDV.GD.ZS","","","","","","","","","","","","","","","","","","","","","","","","","","","","","","","","","","","","","0.725691124969922","0.751363814051299","0.733634533681207","0.738432812697813","0.745983946952783","0.750895294145364","0.739977120058236","0.732133466484023","0.735599054629301","0.736681639152327","0.753143155038934","0.756945351704613","0.782465875932084","0.827120098039969","0.875916937495126","0.960121005217398","1.05881653915546","1.06214743913976","1.08927826747381","1.14599780559676","1.02655790872815","1.08879236956905","","",
"Switzerland","CHE","Research and development expenditure (% of GDP)","GB.XPD.RSDV.GD.ZS","","","","","","","","","","","","","","","","","","","","","","","","","","","","","","","","","","","","","2.44857","","","","2.32344","","","","2.67269","","","","2.71472","","","","3.18623","","","3.3716","","","","",
"Channel Islands","CHI","Research and development expenditure (% of GDP)","GB.XPD.RSDV.GD.ZS","","","","","","","","","","","","","","","","","","","","","","","","","","","","","","","","","","","","","","","","","","","","","","","","","","","","","","","","","","","","",
"Chile","CHL","Research and development expenditure (% of GDP)","GB.XPD.RSDV.GD.ZS","","","","","","","","","","","","","","","","","","","","","","","","","","","","","","","","","","","","","","","","","","","","","","","","0.30957","0.37497","0.35202","0.32947","0.35144","0.3622","0.3887","0.37503","0.38073","0.362","","","",
"China","CHN","Research and development expenditure (% of GDP)","GB.XPD.RSDV.GD.ZS","","","","","","","","","","","","","","","","","","","","","","","","","","","","","","","","","","","","","0.56324","0.63873","0.64689","0.74963","0.89316","0.94033","1.05786","1.12037","1.21498","1.30792","1.36854","1.37369","1.44592","1.6648","1.71372","1.78034","1.91214","1.99786","2.02963","2.0656","2.11831","2.14512","","",
"Cote d'Ivoire","CIV","Research and development expenditure (% of GDP)","GB.XPD.RSDV.GD.ZS","","","","","","","","","","","","","","","","","","","","","","","","","","","","","","","","","","","","","","","","","","","","","","","","","","","","","","","","","0.0956","","","",
"Cameroon","CMR","Research and development expenditure (% of GDP)","GB.XPD.RSDV.GD.ZS","","","","","","","","","","","","","","","","","","","","","","","","","","","","","","","","","","","","","","","","","","","","","","","","","","","","","","","","","","","","",
"Congo, Dem. Rep.","COD","Research and development expenditure (% of GDP)","GB.XPD.RSDV.GD.ZS","","","","","","","","","","","","","","","","","","","","","","","","","","","","","","","","","","","","","","","","","","","","","0.26777","0.05799","0.06044","0.13609","0.08253","0.07822","","","","","","0.40638","","","","",
"Congo, Rep.","COG","Research and development expenditure (% of GDP)","GB.XPD.RSDV.GD.ZS","","","","","","","","","","","","","","","","","","","","","","","","","","","","","","","","","","","","","","","","","","","","","","","","","","","","","","","","","","","","",
"Colombia","COL","Research and development expenditure (% of GDP)","GB.XPD.RSDV.GD.ZS","","","","","","","","","","","","","","","","","","","","","","","","","","","","","","","","","","","","","0.29923","0.27366","","","0.12999","0.13183","0.13944","0.15602","0.15353","0.15131","0.1499","0.18498","0.20164","0.196","0.19532","0.20625","0.234","0.27128","0.30563","0.28975","0.26694","0.24294","0.23699","",
"Comoros","COM","Research and development expenditure (% of GDP)","GB.XPD.RSDV.GD.ZS","","","","","","","","","","","","","","","","","","","","","","","","","","","","","","","","","","","","","","","","","","","","","","","","","","","","","","","","","","","","",
"Cabo Verde","CPV","Research and development expenditure (% of GDP)","GB.XPD.RSDV.GD.ZS","","","","","","","","","","","","","","","","","","","","","","","","","","","","","","","","","","","","","","","","","","","","","","","","","","","","0.07264","","","","","","","","",
"Costa Rica","CRI","Research and development expenditure (% of GDP)","GB.XPD.RSDV.GD.ZS","","","","","","","","","","","","","","","","","","","","","","","","","","","","","","","","","","","","","0.30377","0.29716","0.26656","0.36913","0.41311","","","0.36349","0.37452","","0.42906","0.35842","0.38831","0.52028","0.48492","0.46782","0.55606","0.55567","0.57209","0.44993","0.42926","0.42336","","",
"Caribbean small states","CSS","Research and development expenditure (% of GDP)","GB.XPD.RSDV.GD.ZS","","","","","","","","","","","","","","","","","","","","","","","","","","","","","","","","","","","","","","","","","","","","","","","","","","","","","","","","","","","","",
"Cuba","CUB","Research and development expenditure (% of GDP)","GB.XPD.RSDV.GD.ZS","","","","","","","","","","","","","","","","","","","","","","","","","","","","","","","","","","","","","0.34736","0.40172","0.50124","0.45832","0.47865","0.5653","0.56445","0.58243","0.60231","0.5492","0.44139","0.43615","0.50061","0.61485","0.60767","0.27192","0.40716","0.47467","0.41596","0.42854","0.34223","0.43066","","",
"Curacao","CUW","Research and development expenditure (% of GDP)","GB.XPD.RSDV.GD.ZS","","","","","","","","","","","","","","","","","","","","","","","","","","","","","","","","","","","","","","","","","","","","","","","","","","","","","","","","","","","","",
"Cayman Islands","CYM","Research and development expenditure (% of GDP)","GB.XPD.RSDV.GD.ZS","","","","","","","","","","","","","","","","","","","","","","","","","","","","","","","","","","","","","","","","","","","","","","","","","","","","","","","","","","","","",
"Cyprus","CYP","Research and development expenditure (% of GDP)","GB.XPD.RSDV.GD.ZS","","","","","","","","","","","","","","","","","","","","","","","","","","","","","","","","","","","","","","","0.20331","0.21806","0.2269","0.23694","0.27967","0.31834","0.33564","0.36727","0.38346","0.40007","0.38601","0.44442","0.44663","0.45554","0.43778","0.48218","0.50835","0.48059","0.53442","0.55322","","",
"Czech Republic","CZE","Research and development expenditure (% of GDP)","GB.XPD.RSDV.GD.ZS","","","","","","","","","","","","","","","","","","","","","","","","","","","","","","","","","","","","","0.89446","0.99439","1.06528","1.05452","1.11319","1.10333","1.10202","1.14741","1.14559","1.16835","1.23173","1.30228","1.23933","1.29438","1.33688","1.55571","1.78231","1.89973","1.97285","1.92923","1.68015","1.79079","","",
"Germany","DEU","Research and development expenditure (% of GDP)","GB.XPD.RSDV.GD.ZS","","","","","","","","","","","","","","","","","","","","","","","","","","","","","","","","","","","","","2.13716","2.1788","2.2123","2.33383","2.39166","2.38558","2.41543","2.4566","2.42079","2.42253","2.45604","2.44633","2.59712","2.72644","2.71367","2.79562","2.86813","2.82105","2.86691","2.91197","2.91712","3.02233","","",
"Djibouti","DJI","Research and development expenditure (% of GDP)","GB.XPD.RSDV.GD.ZS","","","","","","","","","","","","","","","","","","","","","","","","","","","","","","","","","","","","","","","","","","","","","","","","","","","","","","","","","","","","",
"Dominica","DMA","Research and development expenditure (% of GDP)","GB.XPD.RSDV.GD.ZS","","","","","","","","","","","","","","","","","","","","","","","","","","","","","","","","","","","","","","","","","","","","","","","","","","","","","","","","","","","","",
"Denmark","DNK","Research and development expenditure (% of GDP)","GB.XPD.RSDV.GD.ZS","","","","","","","","","","","","","","","","","","","","","","","","","","","","","","","","","","","","","1.80667","1.88914","2.00619","2.12764","","2.32466","2.44145","2.51085","2.41916","2.39337","2.403","2.51541","2.77346","3.05514","2.91707","2.94465","2.98125","2.97048","2.91404","3.05497","3.11868","3.05583","","",
"Dominican Republic","DOM","Research and development expenditure (% of GDP)","GB.XPD.RSDV.GD.ZS","","","","","","","","","","","","","","","","","","","","","","","","","","","","","","","","","","","","","","","","","","","","","","","","","","","","","","","","","","","","",
"Algeria","DZA","Research and development expenditure (% of GDP)","GB.XPD.RSDV.GD.ZS","","","","","","","","","","","","","","","","","","","","","","","","","","","","","","","","","","","","","","","","","","0.23028","0.3664","0.19623","0.16357","0.06604","","","","","","","","","","","","0.54243","","",
"East Asia & Pacific (excluding high income)","EAP","Research and development expenditure (% of GDP)","GB.XPD.RSDV.GD.ZS","","","","","","","","","","","","","","","","","","","","","","","","","","","","","","","","","","","","","0.461941239424866","0.565824485914929","0.630098411970415","0.697139223911761","0.727772133685223","0.797512535969849","0.910549644272881","1.00542579638844","1.10505313849231","1.17904619182542","1.24766128781656","1.24713935876048","1.34438763346849","1.40186937825331","1.68483946060129","1.62282760514463","1.88073268375431","1.71562718968367","1.94811890360059","1.92331856347315","1.91796783070928","1.93083111417493","","",
"Early-demographic dividend","EAR","Research and development expenditure (% of GDP)","GB.XPD.RSDV.GD.ZS","","","","","","","","","","","","","","","","","","","","","","","","","","","","","","","","","","","","","","","","","0.608407153924397","0.626276205159202","0.647652259758526","0.617098495861694","0.629253046081113","0.620771986936011","0.641531823894885","0.665987889769685","0.696602350960496","0.630127488718873","0.744038724047081","0.749942259857677","","0.621636814979739","","0.72049322855426","","","","",
"East Asia & Pacific","EAS","Research and development expenditure (% of GDP)","GB.XPD.RSDV.GD.ZS","","","","","","","","","","","","","","","","","","","","","","","","","","","","","","","","","","","","","2.21723042261285","2.29543168149067","2.2583987540203","2.3315177382334","2.26186739545742","2.30921929507261","2.27451797104192","2.36069089515246","2.34362610022113","2.42937074024231","2.42555908314185","2.37706410566474","2.37359896337756","2.26754003827579","2.41734813662701","2.35217852299236","2.50289492801398","2.29738581748318","2.49731264495468","2.35249365973592","2.37177727106873","2.40270134054882","","",
"Europe & Central Asia (excluding high income)","ECA","Research and development expenditure (% of GDP)","GB.XPD.RSDV.GD.ZS","","","","","","","","","","","","","","","","","","","","","","","","","","","","","","","","","","","","","0.788127028531561","0.836004019552421","0.651722472093391","0.673446041490186","0.702679795640666","0.820292478377567","0.846482460526808","0.840947385214133","0.796495769946598","0.786369837029898","0.795921524839311","0.854970266290408","0.824133896809679","0.932149945161522","0.882410394362354","0.831482058635199","0.851130524979155","0.832899277393466","0.85149493060528","0.852601783213602","0.867499798445802","0.887858453725523","","",
"Europe & Central Asia","ECS","Research and development expenditure (% of GDP)","GB.XPD.RSDV.GD.ZS","","","","","","","","","","","","","","","","","","","","","","","","","","","","","","","","","","","","","1.6537135268007","1.63633870952777","1.60623788939568","1.69852577240705","1.6740444090517","1.7200624793681","1.69340662935568","1.71889906702314","1.69643515738584","1.64909906933277","1.65691487925032","1.65813152924522","1.72179127117521","1.81165107023941","1.77690574836404","1.78436635034823","1.83729553108467","1.80024616181118","1.83907859079854","1.91893130264945","1.88514768025981","1.89381965542338","","",
"Ecuador","ECU","Research and development expenditure (% of GDP)","GB.XPD.RSDV.GD.ZS","","","","","","","","","","","","","","","","","","","","","","","","","","","","","","","","","","","","","0.07406","0.06263","0.06517","","","0.0515","0.05534","0.05735","","","0.12863","0.13194","0.22779","0.39463","0.40297","0.33991","0.33236","0.3799","0.44266","","","","","",
"Egypt, Arab Rep.","EGY","Research and development expenditure (% of GDP)","GB.XPD.RSDV.GD.ZS","","","","","","","","","","","","","","","","","","","","","","","","","","","","","","","","","","","","","0.2126","0.19756","0.1991","0.18651","0.19247","","","","0.26994","0.24141","0.25903","0.2551","0.27024","0.43312","0.43345","0.53154","0.50899","0.63895","0.63649","0.71858","0.70848","0.67941","0.72388","",
"Euro area","EMU","Research and development expenditure (% of GDP)","GB.XPD.RSDV.GD.ZS","","","","","","","","","","","","","","","","","","","","","","","","","","","","","","","","","","","","","1.73763125361162","1.71084082033994","1.74015374632428","1.76284240289042","1.80374352400978","1.7929032358609","1.83367607354134","1.80157747503685","1.7801611181654","1.77583466646695","1.79831122873988","1.80457542210961","1.8871353023789","1.98387146909708","1.99159450477519","2.03940888800281","2.09501662859637","2.09943404030272","2.13409146059827","2.13312671338309","2.13144592086721","2.15014987364695","","",
"Eritrea","ERI","Research and development expenditure (% of GDP)","GB.XPD.RSDV.GD.ZS","","","","","","","","","","","","","","","","","","","","","","","","","","","","","","","","","","","","","","","","","","","","","","","","","","","","","","","","","","","","",
"Spain","ESP","Research and development expenditure (% of GDP)","GB.XPD.RSDV.GD.ZS","","","","","","","","","","","","","","","","","","","","","","","","","","","","","","","","","","","","","0.78949","0.77964","0.85102","0.84052","0.88495","0.89019","0.96005","1.02219","1.03849","1.09577","1.17217","1.23448","1.31706","1.35134","1.34961","1.32508","1.28788","1.26859","1.23535","1.21832","1.18526","1.20482","","",
"Estonia","EST","Research and development expenditure (% of GDP)","GB.XPD.RSDV.GD.ZS","","","","","","","","","","","","","","","","","","","","","","","","","","","","","","","","","","","","","","","0.57074","0.68063","0.60009","0.69946","0.71649","0.76777","0.85193","0.92364","1.11666","1.06884","1.25952","1.39541","1.58162","2.30655","2.12265","1.72216","1.42931","1.46604","1.2468","1.28867","","",
"Ethiopia","ETH","Research and development expenditure (% of GDP)","GB.XPD.RSDV.GD.ZS","","","","","","","","","","","","","","","","","","","","","","","","","","","","","","","","","","","","","","","","","","","","","","0.17917","","0.17089","","","0.24137","","","0.60474","","","","0.27441","","",
"European Union","EUU","Research and development expenditure (% of GDP)","GB.XPD.RSDV.GD.ZS","","","","","","","","","","","","","","","","","","","","","","","","","","","","","","","","","","","","","1.67990922465238","1.69812939926687","1.67371155674531","1.75672897683808","1.7234196028003","1.78173823292566","1.75410302587758","1.7820487682798","1.74736582129063","1.73974492128755","1.76093846011809","1.76368602331056","1.83229595647604","1.92554489778241","1.92252448127541","1.96560714625175","2.00128741430604","2.01400939433503","2.03283730828364","2.03586764458758","2.03971014573091","2.05564561554212","","",
"Fragile and conflict affected situations","FCS","Research and development expenditure (% of GDP)","GB.XPD.RSDV.GD.ZS","","","","","","","","","","","","","","","","","","","","","","","","","","","","","","","","","","","","","","","","","","","","","","","","","","","","","","","","","","","","",
"Finland","FIN","Research and development expenditure (% of GDP)","GB.XPD.RSDV.GD.ZS","","","","","","","","","","","","","","","","","","","","","","","","","","","","","","","","","","","","","2.45311","2.62321","2.78655","3.05603","3.24569","3.19795","3.2574","3.30214","3.31494","3.32976","3.33762","3.34577","3.54708","3.74883","3.72598","3.63881","3.41948","3.28719","3.16931","2.89157","2.74264","2.7569","","",
"Fiji","FJI","Research and development expenditure (% of GDP)","GB.XPD.RSDV.GD.ZS","","","","","","","","","","","","","","","","","","","","","","","","","","","","","","","","","","","","","","","","","","","","","","","","","","","","","","","","","","","","",
"France","FRA","Research and development expenditure (% of GDP)","GB.XPD.RSDV.GD.ZS","","","","","","","","","","","","","","","","","","","","","","","","","","","","","","","","","","","","","2.2228","2.14699","2.09476","2.10767","2.09346","2.13804","2.17449","2.11994","2.09461","2.05151","2.05094","2.02451","2.06117","2.21207","2.17857","2.19161","2.22707","2.23703","2.27592","2.26703","2.24245","2.18547","","",
"Faroe Islands","FRO","Research and development expenditure (% of GDP)","GB.XPD.RSDV.GD.ZS","","","","","","","","","","","","","","","","","","","","","","","","","","","","","","","","","","","","","","","","","","","","0.85705","","","","","","","","","","","","","","","","",
"Micronesia, Fed. Sts.","FSM","Research and development expenditure (% of GDP)","GB.XPD.RSDV.GD.ZS","","","","","","","","","","","","","","","","","","","","","","","","","","","","","","","","","","","","","","","","","","","","","","","","","","","","","","","","","","","","",
"Gabon","GAB","Research and development expenditure (% of GDP)","GB.XPD.RSDV.GD.ZS","","","","","","","","","","","","","","","","","","","","","","","","","","","","","","","","","","","","","","","","","","","","","","","","0.41633","0.5109","0.57924","","","","","","","","","","",
"United Kingdom","GBR","Research and development expenditure (% of GDP)","GB.XPD.RSDV.GD.ZS","","","","","","","","","","","","","","","","","","","","","","","","","","","","","","","","","","","","","1.58684","1.5445","1.55911","1.64171","1.62649","1.61903","1.6254","1.5895","1.5423","1.5612","1.58285","1.62165","1.62307","1.6825","1.66063","1.66488","1.59382","1.63938","1.65915","1.66818","1.68211","1.66381","","",
"Georgia","GEO","Research and development expenditure (% of GDP)","GB.XPD.RSDV.GD.ZS","","","","","","","","","","","","","","","","","","","","","","","","","","","","","","","","","","","","","0.33089","0.34241","0.35384","0.2877","0.2153","0.23848","0.18574","0.2176","0.2442","0.17658","","","","","","","","0.08367","0.1849","0.31982","0.30104","0.29104","0.30457","",
"Ghana","GHA","Research and development expenditure (% of GDP)","GB.XPD.RSDV.GD.ZS","","","","","","","","","","","","","","","","","","","","","","","","","","","","","","","","","","","","","","","","","","","","","","","","0.23157","","","0.37655","","","","","","","","","",
"Gibraltar","GIB","Research and development expenditure (% of GDP)","GB.XPD.RSDV.GD.ZS","","","","","","","","","","","","","","","","","","","","","","","","","","","","","","","","","","","","","","","","","","","","","","","","","","","","","","","","","","","","",
"Guinea","GIN","Research and development expenditure (% of GDP)","GB.XPD.RSDV.GD.ZS","","","","","","","","","","","","","","","","","","","","","","","","","","","","","","","","","","","","","","","","","","","","","","","","","","","","","","","","","","","","",
"Gambia, The","GMB","Research and development expenditure (% of GDP)","GB.XPD.RSDV.GD.ZS","","","","","","","","","","","","","","","","","","","","","","","","","","","","","","","","","","","","","","","","","","","","","","","","","0.02039","0.01748","","0.13308","","","","","","","","",
"Guinea-Bissau","GNB","Research and development expenditure (% of GDP)","GB.XPD.RSDV.GD.ZS","","","","","","","","","","","","","","","","","","","","","","","","","","","","","","","","","","","","","","","","","","","","","","","","","","","","","","","","","","","","",
"Equatorial Guinea","GNQ","Research and development expenditure (% of GDP)","GB.XPD.RSDV.GD.ZS","","","","","","","","","","","","","","","","","","","","","","","","","","","","","","","","","","","","","","","","","","","","","","","","","","","","","","","","","","","","",
"Greece","GRC","Research and development expenditure (% of GDP)","GB.XPD.RSDV.GD.ZS","","","","","","","","","","","","","","","","","","","","","","","","","","","","","","","","","","","","","","0.4291","","0.56823","","0.55948","","0.54654","0.5273","0.57896","0.56118","0.57655","0.66183","0.62557","0.59838","0.67196","0.69957","0.81131","0.8333","0.96121","0.99394","1.12808","","",
"Grenada","GRD","Research and development expenditure (% of GDP)","GB.XPD.RSDV.GD.ZS","","","","","","","","","","","","","","","","","","","","","","","","","","","","","","","","","","","","","","","","","","","","","","","","","","","","","","","","","","","","",
"Greenland","GRL","Research and development expenditure (% of GDP)","GB.XPD.RSDV.GD.ZS","","","","","","","","","","","","","","","","","","","","","","","","","","","","","","","","","","","","","","","","","","0.52741","0.55628","0.50804","0.64608","","","","","","","","","","","","","","","",
"Guatemala","GTM","Research and development expenditure (% of GDP)","GB.XPD.RSDV.GD.ZS","","","","","","","","","","","","","","","","","","","","","","","","","","","","","","","","","","","","","","","","","","","","","","0.035","0.0493","0.06674","0.06188","0.0553","0.0435","0.04814","0.04471","0.03854","0.02905","0.02988","0.02224","0.028","","",
"Guam","GUM","Research and development expenditure (% of GDP)","GB.XPD.RSDV.GD.ZS","","","","","","","","","","","","","","","","","","","","","","","","","","","","","","","","","","","","","","","","","","","","0.26637","0.25597","0.25707","","","","","","","","","","","","","","",
"Guyana","GUY","Research and development expenditure (% of GDP)","GB.XPD.RSDV.GD.ZS","","","","","","","","","","","","","","","","","","","","","","","","","","","","","","","","","","","","","","","","","","","","","","","","","","","","","","","","","","","","",
"High income","HIC","Research and development expenditure (% of GDP)","GB.XPD.RSDV.GD.ZS","","","","","","","","","","","","","","","","","","","","","","","","","","","","","","","","","","","","","2.16058236063242","2.18778026623008","2.19020325281451","2.25877544375938","2.32354406156593","2.35562927437471","2.29565609753828","2.26754068057031","2.21825709959181","2.23279429008639","2.25825633036546","2.26142154916544","2.34112223380227","2.40805068505967","2.38854863157111","2.398877784081","2.42138340568266","2.40900297652784","2.46290650523532","2.45946091979279","2.50022893730972","2.5567800046944","","",
"Hong Kong SAR, China","HKG","Research and development expenditure (% of GDP)","GB.XPD.RSDV.GD.ZS","","","","","","","","","","","","","","","","","","","","","","","","","","","","","","","","","","","","","","","0.4283","0.45767","0.46493","0.53645","0.58147","0.68027","0.72176","0.77343","0.79468","0.75161","0.71996","0.77342","0.74946","0.72086","0.72733","0.73017","0.74014","0.76183","0.79149","0.79925","0.86096","",
"Honduras","HND","Research and development expenditure (% of GDP)","GB.XPD.RSDV.GD.ZS","","","","","","","","","","","","","","","","","","","","","","","","","","","","","","","","","","","","","","","","","0.04453","0.03834","0.04181","0.04215","0.04155","","","","","","","","","","","0.01497","","0.04","","",
"Heavily indebted poor countries (HIPC)","HPC","Research and development expenditure (% of GDP)","GB.XPD.RSDV.GD.ZS","","","","","","","","","","","","","","","","","","","","","","","","","","","","","","","","","","","","","","","","","","","","","","","","","","","","","","","","","","","","",
"Croatia","HRV","Research and development expenditure (% of GDP)","GB.XPD.RSDV.GD.ZS","","","","","","","","","","","","","","","","","","","","","","","","","","","","","","","","","","","","","","","","0.8404","1.0441","0.91644","0.94846","0.95034","1.03207","0.85689","0.74081","0.79187","0.88397","0.84323","0.7422","0.75041","0.75029","0.81016","0.78252","0.84027","0.8627","0.8645","","",
"Haiti","HTI","Research and development expenditure (% of GDP)","GB.XPD.RSDV.GD.ZS","","","","","","","","","","","","","","","","","","","","","","","","","","","","","","","","","","","","","","","","","","","","","","","","","","","","","","","","","","","","",
"Hungary","HUN","Research and development expenditure (% of GDP)","GB.XPD.RSDV.GD.ZS","","","","","","","","","","","","","","","","","","","","","","","","","","","","","","","","","","","","","0.63025","0.69905","0.65625","0.67053","0.78942","0.91189","0.98198","0.91841","0.86035","0.92094","0.98097","0.95674","0.9796","1.13212","1.13945","1.18897","1.26362","1.38884","1.35373","1.36245","1.20423","1.3486","","",
"IBRD only","IBD","Research and development expenditure (% of GDP)","GB.XPD.RSDV.GD.ZS","","","","","","","","","","","","","","","","","","","","","","","","","","","","","","","","","","","","","","","","0.588395970833751","0.655125515035555","0.684636640711444","0.734025247592474","0.773813259956399","0.802035351769135","0.83336808121326","0.861452849951677","0.892974934598252","0.936974796867103","1.02124106568022","1.08760012249201","1.11095765175917","1.23595164078954","1.22654909443359","1.35965901673323","1.3613505443614","1.45928301718584","1.53465922622351","","",
"IDA & IBRD total","IBT","Research and development expenditure (% of GDP)","GB.XPD.RSDV.GD.ZS","","","","","","","","","","","","","","","","","","","","","","","","","","","","","","","","","","","","","","","","","0.643661306410217","0.673404664344509","0.719622341065884","0.76790762085224","0.795018758654261","0.82079706038102","0.857159552347234","0.864434009281849","0.929083548837051","1.00875848286919","1.07605407306387","1.09814744920505","1.23024832774511","1.20966005873463","1.35006583956303","1.33703885070504","1.44733351539742","1.49901390238313","","",
"IDA total","IDA","Research and development expenditure (% of GDP)","GB.XPD.RSDV.GD.ZS","","","","","","","","","","","","","","","","","","","","","","","","","","","","","","","","","","","","","","","","","","","","","","","","","","","","","","","","","","","","",
"IDA blend","IDB","Research and development expenditure (% of GDP)","GB.XPD.RSDV.GD.ZS","","","","","","","","","","","","","","","","","","","","","","","","","","","","","","","","","","","","","","","","","","","","","","","","0.310517453743657","","","","","","","","","","","","",
"Indonesia","IDN","Research and development expenditure (% of GDP)","GB.XPD.RSDV.GD.ZS","","","","","","","","","","","","","","","","","","","","","","","","","","","","","","","","","","","","","","","","","0.06769","0.04756","","","","","","","","0.08332","","","","0.0847","","","0.24535","0.2381","0.26542","",
"IDA only","IDX","Research and development expenditure (% of GDP)","GB.XPD.RSDV.GD.ZS","","","","","","","","","","","","","","","","","","","","","","","","","","","","","","","","","","","","","","","","","","","","","","","","","","","","","","","","","","","","",
"Isle of Man","IMN","Research and development expenditure (% of GDP)","GB.XPD.RSDV.GD.ZS","","","","","","","","","","","","","","","","","","","","","","","","","","","","","","","","","","","","","","","","","","","","","","","","","","","","","","","","","","","","",
"India","IND","Research and development expenditure (% of GDP)","GB.XPD.RSDV.GD.ZS","","","","","","","","","","","","","","","","","","","","","","","","","","","","","","","","","","","","","0.63905","0.68669","0.70379","0.72413","0.75699","0.73591","0.72567","0.71929","0.7569","0.82411","0.80473","0.80507","0.85876","0.83314","0.81281","0.83125","","","","0.61957","","","0.59738","",
"Not classified","INX","Research and development expenditure (% of GDP)","GB.XPD.RSDV.GD.ZS","","","","","","","","","","","","","","","","","","","","","","","","","","","","","","","","","","","","","","","","","","","","","","","","","","","","","","","","","","","","",
"Ireland","IRL","Research and development expenditure (% of GDP)","GB.XPD.RSDV.GD.ZS","","","","","","","","","","","","","","","","","","","","","","","","","","","","","","","","","","","","","1.27006","1.24317","1.20958","1.15338","1.08497","1.05306","1.05605","1.12451","1.17866","1.19281","1.19836","1.23325","1.38766","1.6082","1.59153","1.56058","1.56119","1.5658","1.49955","1.19201","1.16892","1.04038","","",
"Iran, Islamic Rep.","IRN","Research and development expenditure (% of GDP)","GB.XPD.RSDV.GD.ZS","","","","","","","","","","","","","","","","","","","","","","","","","","","","","","","","","","","","","","","","","","0.50218","0.49558","0.59484","0.50453","0.62284","0.55921","","0.64647","0.27258","0.26442","","0.31655","0.25267","","0.41763","","0.83027","","",
"Iraq","IRQ","Research and development expenditure (% of GDP)","GB.XPD.RSDV.GD.ZS","","","","","","","","","","","","","","","","","","","","","","","","","","","","","","","","","","","","","","","","","","","","","","","","0.04554","0.03435","0.04562","0.03684","0.03476","","","0.03733","0.03775","0.03658","0.04455","","",
"Iceland","ISL","Research and development expenditure (% of GDP)","GB.XPD.RSDV.GD.ZS","","","","","","","","","","","","","","","","","","","","","","","","","","","","","","","","","","","","","","1.7954","1.9532","2.23767","2.5783","2.8501","2.82841","2.70912","","2.68614","2.8939","2.54913","2.48745","2.59511","","2.41367","","1.70204","1.94811","2.12004","2.03413","2.12724","","",
"Israel","ISR","Research and development expenditure (% of GDP)","GB.XPD.RSDV.GD.ZS","","","","","","","","","","","","","","","","","","","","","","","","","","","","","","","","","","","","","2.59385","2.80908","2.92076","3.33293","3.93624","4.18772","4.13345","3.89787","3.87732","4.05153","4.14236","4.42769","4.34517","4.13326","3.93984","4.01151","4.15735","4.0748","4.17584","4.25563","4.39314","4.54474","","",
"Italy","ITA","Research and development expenditure (% of GDP)","GB.XPD.RSDV.GD.ZS","","","","","","","","","","","","","","","","","","","","","","","","","","","","","","","","","","","","","0.94843","0.98994","1.00784","0.98337","1.00546","1.04491","1.08482","1.06198","1.05312","1.04709","1.08696","1.1327","1.16367","1.22126","1.22311","1.20984","1.27087","1.30768","1.34301","1.34115","1.37124","1.35206","","",
"Jamaica","JAM","Research and development expenditure (% of GDP)","GB.XPD.RSDV.GD.ZS","","","","","","","","","","","","","","","","","","","","","","","","","","","","","","","","","","","","","","","","","","0.0491","0.06096","","","","","","","","","","","","","","","","","",
"Jordan","JOR","Research and development expenditure (% of GDP)","GB.XPD.RSDV.GD.ZS","","","","","","","","","","","","","","","","","","","","","","","","","","","","","","","","","","","","","","","","","","","0.33689","","","","","","0.4303","","","","","","","","0.7078","","","",
"Japan","JPN","Research and development expenditure (% of GDP)","GB.XPD.RSDV.GD.ZS","","","","","","","","","","","","","","","","","","","","","","","","","","","","","","","","","","","","","2.69206","2.76968","2.87363","2.89283","2.90569","2.97183","3.01394","3.04295","3.02952","3.18099","3.27844","3.3396","3.33718","3.2314","3.13708","3.24477","3.20908","3.31496","3.40022","3.28165","3.15522","3.21254","","",
"Kazakhstan","KAZ","Research and development expenditure (% of GDP)","GB.XPD.RSDV.GD.ZS","","","","","","","","","","","","","","","","","","","","","","","","","","","","","","","","","","","","","","0.29337","0.22039","0.18383","0.18104","0.22009","0.25509","0.25246","0.24837","0.28361","0.24281","0.20884","0.21654","0.22924","0.15341","0.15349","0.16525","0.17132","0.16722","0.16951","0.14179","0.12972","0.12286","",
"Kenya","KEN","Research and development expenditure (% of GDP)","GB.XPD.RSDV.GD.ZS","","","","","","","","","","","","","","","","","","","","","","","","","","","","","","","","","","","","","","","","","","","","","","","","0.35521","","","0.78577","","","","","","","","","",
"Kyrgyz Republic","KGZ","Research and development expenditure (% of GDP)","GB.XPD.RSDV.GD.ZS","","","","","","","","","","","","","","","","","","","","","","","","","","","","","","","","","","","","","","0.1939","0.21064","0.17992","0.15637","0.17189","0.1981","0.22272","0.19926","0.19861","0.23014","0.23425","0.19017","0.15997","0.15547","0.15633","0.1661","0.14914","0.12536","0.11903","0.11121","0.10707","","",
"Cambodia","KHM","Research and development expenditure (% of GDP)","GB.XPD.RSDV.GD.ZS","","","","","","","","","","","","","","","","","","","","","","","","","","","","","","","","","","","","","","","","","","","0.0498","","","","","","","","","","","","","0.11823","","","","",
"Kiribati","KIR","Research and development expenditure (% of GDP)","GB.XPD.RSDV.GD.ZS","","","","","","","","","","","","","","","","","","","","","","","","","","","","","","","","","","","","","","","","","","","","","","","","","","","","","","","","","","","","",
"St. Kitts and Nevis","KNA","Research and development expenditure (% of GDP)","GB.XPD.RSDV.GD.ZS","","","","","","","","","","","","","","","","","","","","","","","","","","","","","","","","","","","","","","","","","","","","","","","","","","","","","","","","","","","","",
"Korea, Rep.","KOR","Research and development expenditure (% of GDP)","GB.XPD.RSDV.GD.ZS","","","","","","","","","","","","","","","","","","","","","","","","","","","","","","","","","","","","","2.26089","2.2977","2.16151","2.06662","2.18023","2.34108","2.27382","2.3515","2.53248","2.62617","2.83066","3.00035","3.12343","3.29324","3.46594","3.74361","4.02554","4.14853","4.28874","4.21702","4.22744","4.55324","","",
"Kuwait","KWT","Research and development expenditure (% of GDP)","GB.XPD.RSDV.GD.ZS","","","","","","","","","","","","","","","","","","","","","","","","","","","","","","","","","","","","","","0.20539","0.25795","0.19764","0.12543","0.17882","0.18001","0.14347","0.1301","0.10083","0.08478","0.08585","0.0855","0.1122","0.1014","0.09898","0.09721","0.30153","0.42705","0.0966","0.07985","0.08118","0.06192","",
"Latin America & Caribbean (excluding high income)","LAC","Research and development expenditure (% of GDP)","GB.XPD.RSDV.GD.ZS","","","","","","","","","","","","","","","","","","","","","","","","","","","","","","","","","","","","","","","","","0.575396893186999","0.545240072063318","0.538271460702099","0.562093612850681","0.572864000766916","0.599183830476873","0.598230684046147","0.661110544817303","0.705437596443674","0.740973837224228","0.778584702926416","0.749834874540286","0.728678001492208","0.768887011167499","0.794142835107507","0.823670904018564","0.78146848942624","0.883076261095632","","",
"Lao PDR","LAO","Research and development expenditure (% of GDP)","GB.XPD.RSDV.GD.ZS","","","","","","","","","","","","","","","","","","","","","","","","","","","","","","","","","","","","","","","","","","","0.0371","","","","","","","","","","","","","","","","","",
"Lebanon","LBN","Research and development expenditure (% of GDP)","GB.XPD.RSDV.GD.ZS","","","","","","","","","","","","","","","","","","","","","","","","","","","","","","","","","","","","","","","","","","","","","","","","","","","","","","","","","","","","",
"Liberia","LBR","Research and development expenditure (% of GDP)","GB.XPD.RSDV.GD.ZS","","","","","","","","","","","","","","","","","","","","","","","","","","","","","","","","","","","","","","","","","","","","","","","","","","","","","","","","","","","","",
"Libya","LBY","Research and development expenditure (% of GDP)","GB.XPD.RSDV.GD.ZS","","","","","","","","","","","","","","","","","","","","","","","","","","","","","","","","","","","","","","","","","","","","","","","","","","","","","","","","","","","","",
"St. Lucia","LCA","Research and development expenditure (% of GDP)","GB.XPD.RSDV.GD.ZS","","","","","","","","","","","","","","","","","","","","","","","","","","","","","","","","","","","","","","","0.64171","0.30598","","","","","","","","","","","","","","","","","","","","",
"Latin America & Caribbean","LCN","Research and development expenditure (% of GDP)","GB.XPD.RSDV.GD.ZS","","","","","","","","","","","","","","","","","","","","","","","","","","","","","","","","","","","","","","","","","0.567629060989133","0.541882551983271","0.531182891454694","0.556108267603911","0.565872183584465","0.592325718253485","0.590101597257812","0.635360781968545","0.681518164966496","0.707532039482134","0.74791211207878","0.722685267911244","0.700966217274677","0.733144215164187","0.763483550853386","0.776077413698742","0.742739285658523","","","",
"Least developed countries: UN classification","LDC","Research and development expenditure (% of GDP)","GB.XPD.RSDV.GD.ZS","","","","","","","","","","","","","","","","","","","","","","","","","","","","","","","","","","","","","","","","","","","","","","","","","","","","","","","","","","","","",
"Low income","LIC","Research and development expenditure (% of GDP)","GB.XPD.RSDV.GD.ZS","","","","","","","","","","","","","","","","","","","","","","","","","","","","","","","","","","","","","","","","","","","","","","","","","","","","","","","","","","","","",
"Liechtenstein","LIE","Research and development expenditure (% of GDP)","GB.XPD.RSDV.GD.ZS","","","","","","","","","","","","","","","","","","","","","","","","","","","","","","","","","","","","","","","","","","","","","","","","","","","","","","","","","","","","",
"Sri Lanka","LKA","Research and development expenditure (% of GDP)","GB.XPD.RSDV.GD.ZS","","","","","","","","","","","","","","","","","","","","","","","","","","","","","","","","","","","","","0.18356","","","","0.14392","","","","0.1821","","0.1742","","0.11444","","0.13687","","","0.10081","0.09989","0.10871","","","","",
"Lower middle income","LMC","Research and development expenditure (% of GDP)","GB.XPD.RSDV.GD.ZS","","","","","","","","","","","","","","","","","","","","","","","","","","","","","","","","","","","","","","","","","0.492980572308241","","","","","","","0.603084956646875","","0.559991749515239","","","","","","","","","","",
"Low & middle income","LMY","Research and development expenditure (% of GDP)","GB.XPD.RSDV.GD.ZS","","","","","","","","","","","","","","","","","","","","","","","","","","","","","","","","","","","","","","","","","0.644552446453995","0.675316705534291","0.726980984899804","0.776754759699551","0.804127816230655","0.831251602690887","0.869954330272584","0.884202616692854","0.949913977033146","1.02906417619094","1.09898209181114","1.11908320483197","1.25550188498574","1.23154957493158","1.37684049351152","1.35783495565187","1.47553952507412","1.5147419936529","","",
"Lesotho","LSO","Research and development expenditure (% of GDP)","GB.XPD.RSDV.GD.ZS","","","","","","","","","","","","","","","","","","","","","","","","","","","","","","","","","","","","","","","","","","","0.04185","0.04295","0.05532","","","","","0.02857","","0.01161","","","","0.04795","","","","",
"Late-demographic dividend","LTE","Research and development expenditure (% of GDP)","GB.XPD.RSDV.GD.ZS","","","","","","","","","","","","","","","","","","","","","","","","","","","","","","","","","","","","","","","","","0.825630792482527","0.875529572764406","0.898729098050121","0.954809085553861","0.964182096571949","1.02192403495233","1.02846597101512","1.06054517679528","1.09747407523244","1.27425979506361","1.31894569454078","1.29553035868628","1.4319057703329","1.47800015565263","1.54128968357096","1.617266354844","1.69215624747824","1.73303142907086","","",
"Lithuania","LTU","Research and development expenditure (% of GDP)","GB.XPD.RSDV.GD.ZS","","","","","","","","","","","","","","","","","","","","","","","","","","","","","","","","","","","","","0.49155","0.53658","0.54377","0.502","0.5848","0.66679","0.6567","0.66339","0.75066","0.74741","0.79119","0.80093","0.78844","0.82967","0.78348","0.9039","0.89469","0.95088","1.03048","1.04095","0.84329","0.88544","","",
"Luxembourg","LUX","Research and development expenditure (% of GDP)","GB.XPD.RSDV.GD.ZS","","","","","","","","","","","","","","","","","","","","","","","","","","","","","","","","","","","","","","","","","1.57673","","","1.62595","1.60262","1.57171","1.66674","1.59123","1.62293","1.6775","1.50257","1.46277","1.27267","1.30266","1.26404","1.28405","1.29524","1.25607","","",
"Latvia","LVA","Research and development expenditure (% of GDP)","GB.XPD.RSDV.GD.ZS","","","","","","","","","","","","","","","","","","","","","","","","","","","","","","","","","","","","","0.39723","0.3664","0.37876","0.35186","0.43598","0.40321","0.40888","0.36002","0.40013","0.52959","0.65063","0.55379","0.58139","0.45271","0.61078","0.69662","0.66424","0.6122","0.6893","0.62623","0.44094","0.51012","","",
"Macao SAR, China","MAC","Research and development expenditure (% of GDP)","GB.XPD.RSDV.GD.ZS","","","","","","","","","","","","","","","","","","","","","","","","","","","","","","","","","","","","","","","","","","0.06268","0.07004","0.06283","0.05373","0.08809","0.08337","0.05715","0.10159","0.05436","0.05033","0.04444","0.04807","0.05115","0.08705","0.13554","0.23361","0.1715","0.20351","",
"St. Martin (French part)","MAF","Research and development expenditure (% of GDP)","GB.XPD.RSDV.GD.ZS","","","","","","","","","","","","","","","","","","","","","","","","","","","","","","","","","","","","","","","","","","","","","","","","","","","","","","","","","","","","",
"Morocco","MAR","Research and development expenditure (% of GDP)","GB.XPD.RSDV.GD.ZS","","","","","","","","","","","","","","","","","","","","","","","","","","","","","","","","","","","","","","","0.27341","","","0.60682","0.52586","0.63071","","","0.60789","","","","0.71454","","","","","","","","","",
"Monaco","MCO","Research and development expenditure (% of GDP)","GB.XPD.RSDV.GD.ZS","","","","","","","","","","","","","","","","","","","","","","","","","","","","","","","","","","","","","","","","","","","","","0.03719","0.03821","","","","","","","","","","","","","","",
"Moldova","MDA","Research and development expenditure (% of GDP)","GB.XPD.RSDV.GD.ZS","","","","","","","","","","","","","","","","","","","","","","","","","","","","","","","","","","","","","0.87296","0.80679","","","","","","0.32405","0.34903","0.39865","0.40622","0.54558","0.53463","0.52557","0.3665","0.33764","0.34907","0.29783","0.31105","0.30943","0.2769","0.25374","0.25498","",
"Madagascar","MDG","Research and development expenditure (% of GDP)","GB.XPD.RSDV.GD.ZS","","","","","","","","","","","","","","","","","","","","","","","","","","","","","","","","","","","","","","0.22032","0.11044","0.096","0.11976","0.21821","0.24552","0.33841","0.22353","0.17552","0.16371","0.14037","0.13404","0.14683","0.11324","0.10588","","","0.0155","","0.01504","0.01465","","",
"Maldives","MDV","Research and development expenditure (% of GDP)","GB.XPD.RSDV.GD.ZS","","","","","","","","","","","","","","","","","","","","","","","","","","","","","","","","","","","","","","","","","","","","","","","","","","","","","","","","","","","","",
"Middle East & North Africa","MEA","Research and development expenditure (% of GDP)","GB.XPD.RSDV.GD.ZS","","","","","","","","","","","","","","","","","","","","","","","","","","","","","","","","","","","","","","","","","","","","","","","","","","","0.924407415193495","","0.933865271195681","","","","","","","",
"Mexico","MEX","Research and development expenditure (% of GDP)","GB.XPD.RSDV.GD.ZS","","","","","","","","","","","","","","","","","","","","","","","","","","","","","","","","","","","","","0.25067","0.2762","0.30196","0.3441","0.30613","0.32418","0.36667","0.38038","0.38816","0.39844","0.36922","0.42606","0.47073","0.51677","0.53299","0.51144","0.48684","0.49855","0.53037","0.52377","0.48609","","","",
"Marshall Islands","MHL","Research and development expenditure (% of GDP)","GB.XPD.RSDV.GD.ZS","","","","","","","","","","","","","","","","","","","","","","","","","","","","","","","","","","","","","","","","","","","","","","","","","","","","","","","","","","","","",
"Middle income","MIC","Research and development expenditure (% of GDP)","GB.XPD.RSDV.GD.ZS","","","","","","","","","","","","","","","","","","","","","","","","","","","","","","","","","","","","","","","","","0.644974353145422","0.67612291154953","0.728566743983033","0.778330095913114","0.806566867484281","0.835061430862298","0.87275975908351","0.889563037005396","0.954657860199318","1.03323600341855","1.10525264132022","1.12013612486635","1.25614785679134","1.23472475368768","1.38052820880035","1.36108271132968","1.47771624992132","1.52198893596786","","",
"North Macedonia","MKD","Research and development expenditure (% of GDP)","GB.XPD.RSDV.GD.ZS","","","","","","","","","","","","","","","","","","","","","","","","","","","","","","","","","","","","","","0.35911","0.40842","0.32809","0.41888","0.2931","0.24461","0.21064","0.23237","0.22825","0.19373","0.17093","0.22358","0.19679","0.21634","0.22276","0.32676","0.43894","0.51646","0.44412","0.43585","0.35525","0.36398","",
"Mali","MLI","Research and development expenditure (% of GDP)","GB.XPD.RSDV.GD.ZS","","","","","","","","","","","","","","","","","","","","","","","","","","","","","","","","","","","","","","","","","","","","","","","","0.21855","","","0.5836","","","","","0.31462","","0.29175","","",
"Malta","MLT","Research and development expenditure (% of GDP)","GB.XPD.RSDV.GD.ZS","","","","","","","","","","","","","","","","","","","","","","","","","","","","","","","","","","","","","","","","","","","0.2385","0.23707","0.49256","0.52996","0.58025","0.5485","0.53331","0.5174","0.60667","0.6738","0.82618","0.77238","0.71197","0.74085","0.56749","0.5402","","",
"Myanmar","MMR","Research and development expenditure (% of GDP)","GB.XPD.RSDV.GD.ZS","","","","","","","","","","","","","","","","","","","","","","","","","","","","","","","","","","","","","","0.05985","0.03417","0.04406","0.11306","0.07144","0.16216","","","","","","","","","","","","","","","0.03186","","",
"Middle East & North Africa (excluding high income)","MNA","Research and development expenditure (% of GDP)","GB.XPD.RSDV.GD.ZS","","","","","","","","","","","","","","","","","","","","","","","","","","","","","","","","","","","","","","","","","","","","","","","","","","0.304916368866676","0.332391231710106","","","","","0.462189023231758","","0.604774571150448","","",
"Montenegro","MNE","Research and development expenditure (% of GDP)","GB.XPD.RSDV.GD.ZS","","","","","","","","","","","","","","","","","","","","","","","","","","","","","","","","","","","","","","","","","","","","0.79772","1.01874","0.92443","1.22991","1.14521","","","","0.31485","","0.37431","0.3632","0.374","0.32454","","","",
"Mongolia","MNG","Research and development expenditure (% of GDP)","GB.XPD.RSDV.GD.ZS","","","","","","","","","","","","","","","","","","","","","","","","","","","","","","","","","","","","","","0.16786","0.16643","0.15016","0.18757","0.26749","0.25173","0.2518","0.26777","0.23776","0.19121","0.23827","0.33667","0.30478","0.24438","0.23054","0.23913","0.23246","0.2234","0.15468","0.18337","0.13475","0.10293","",
"Northern Mariana Islands","MNP","Research and development expenditure (% of GDP)","GB.XPD.RSDV.GD.ZS","","","","","","","","","","","","","","","","","","","","","","","","","","","","","","","","","","","","","","","","","","","","","","","","","","","","","","","","","","","","",
"Mozambique","MOZ","Research and development expenditure (% of GDP)","GB.XPD.RSDV.GD.ZS","","","","","","","","","","","","","","","","","","","","","","","","","","","","","","","","","","","","","","","","","","","0.42101","","","","0.45501","","0.15294","","0.42252","","","","","0.33751","","","","",
"Mauritania","MRT","Research and development expenditure (% of GDP)","GB.XPD.RSDV.GD.ZS","","","","","","","","","","","","","","","","","","","","","","","","","","","","","","","","","","","","","","","","","","","","","","","","","","","","","","","","","","","","",
"Mauritius","MUS","Research and development expenditure (% of GDP)","GB.XPD.RSDV.GD.ZS","","","","","","","","","","","","","","","","","","","","","","","","","","","","","","","","","","","","","","0.27899","0.26178","0.31008","0.28402","0.36257","0.36805","0.32604","0.36818","0.36053","","","","","","","0.17773","","","","","0.36636","0.33521","",
"Malawi","MWI","Research and development expenditure (% of GDP)","GB.XPD.RSDV.GD.ZS","","","","","","","","","","","","","","","","","","","","","","","","","","","","","","","","","","","","","","","","","","","","","","","","","","","","","","","","","","","","",
"Malaysia","MYS","Research and development expenditure (% of GDP)","GB.XPD.RSDV.GD.ZS","","","","","","","","","","","","","","","","","","","","","","","","","","","","","","","","","","","","","0.21645","","0.39789","","0.46899","","0.65254","","0.5999","","0.61106","","0.78847","1.01001","1.03608","1.03342","1.09269","","1.26275","1.2998","1.43665","","","",
"North America","NAC","Research and development expenditure (% of GDP)","GB.XPD.RSDV.GD.ZS","","","","","","","","","","","","","","","","","","","","","","","","","","","","","","","","","","","","","2.38948464257112","2.41821249087315","2.45268226226313","2.49758101106177","2.57720232461944","2.607962485994","2.5216339357029","2.52193674592187","2.46391439157454","2.47257126800623","2.50470006521949","2.56418020525658","2.68052412315099","2.73459629839776","2.64653797456586","2.66395319696183","2.58934221785827","2.61009890597744","2.6258817578663","2.63730921651076","2.67950037086734","2.69469764280843","","",
"Namibia","NAM","Research and development expenditure (% of GDP)","GB.XPD.RSDV.GD.ZS","","","","","","","","","","","","","","","","","","","","","","","","","","","","","","","","","","","","","","","","","","","","","","","","","","","0.14165","","","","0.33996","","","","","",
"New Caledonia","NCL","Research and development expenditure (% of GDP)","GB.XPD.RSDV.GD.ZS","","","","","","","","","","","","","","","","","","","","","","","","","","","","","","","","","","","","","","","","","","","","","","","","","","","","","","","","","","","","",
"Niger","NER","Research and development expenditure (% of GDP)","GB.XPD.RSDV.GD.ZS","","","","","","","","","","","","","","","","","","","","","","","","","","","","","","","","","","","","","","","","","","","","","","","","","","","","","","","","","","","","",
"Nigeria","NGA","Research and development expenditure (% of GDP)","GB.XPD.RSDV.GD.ZS","","","","","","","","","","","","","","","","","","","","","","","","","","","","","","","","","","","","","","","","","","","","","","","","0.13223","","","","","","","","","","","","",
"Nicaragua","NIC","Research and development expenditure (% of GDP)","GB.XPD.RSDV.GD.ZS","","","","","","","","","","","","","","","","","","","","","","","","","","","","","","","","","","","","","","0.0651","","","","","0.03493","","","","","","","","","0.08344","0.10449","0.10284","0.08935","0.10742","","","","",
"Netherlands","NLD","Research and development expenditure (% of GDP)","GB.XPD.RSDV.GD.ZS","","","","","","","","","","","","","","","","","","","","","","","","","","","","","","","","","","","","","1.84093","1.84477","1.74206","1.82282","1.7898","1.79609","1.74543","1.7839","1.78901","1.77388","1.74067","1.6703","1.62269","1.6657","1.70404","1.88131","1.91627","1.92987","1.97568","1.98487","1.99685","1.98816","","",
"Norway","NOR","Research and development expenditure (% of GDP)","GB.XPD.RSDV.GD.ZS","","","","","","","","","","","","","","","","","","","","","","","","","","","","","","","","","","","","","","1.59352","","1.60533","","1.56231","1.63058","1.68036","1.54506","1.48317","1.45598","1.56401","1.55346","1.72279","1.64855","1.62534","1.61858","1.65004","1.71187","1.93095","2.03074","2.10968","","",
"Nepal","NPL","Research and development expenditure (% of GDP)","GB.XPD.RSDV.GD.ZS","","","","","","","","","","","","","","","","","","","","","","","","","","","","","","","","","","","","","","","","","","","","","","","","","0.05439","0.25924","0.3022","","","","","","","","","",
"Nauru","NRU","Research and development expenditure (% of GDP)","GB.XPD.RSDV.GD.ZS","","","","","","","","","","","","","","","","","","","","","","","","","","","","","","","","","","","","","","","","","","","","","","","","","","","","","","","","","","","","",
"New Zealand","NZL","Research and development expenditure (% of GDP)","GB.XPD.RSDV.GD.ZS","","","","","","","","","","","","","","","","","","","","","","","","","","","","","","","","","","","","","","1.05649","","0.96387","","1.10029","","1.14891","","1.12043","","1.15657","","1.2525","","1.231","","1.15412","","1.23292","","","","",
"OECD members","OED","Research and development expenditure (% of GDP)","GB.XPD.RSDV.GD.ZS","","","","","","","","","","","","","","","","","","","","","","","","","","","","","","","","","","","","","2.12256835687602","2.14443264042574","2.14916829032188","2.21771934751575","2.27284233661991","2.30374430783346","2.24665177445636","2.23869409830271","2.1910336688887","2.2037470205102","2.22872736841985","2.2333938726627","2.31700570752533","2.39594445066304","2.36087059789891","2.39102788379138","2.41008226833503","2.39164602962904","2.43053647921502","2.43841818544405","2.47082049931977","2.56352848190092","","",
"Oman","OMN","Research and development expenditure (% of GDP)","GB.XPD.RSDV.GD.ZS","","","","","","","","","","","","","","","","","","","","","","","","","","","","","","","","","","","","","","","","","","","","","","","","","","","","0.13645","0.20837","0.16956","0.21253","0.24972","0.25853","0.2276","0.21961","",
"Other small states","OSS","Research and development expenditure (% of GDP)","GB.XPD.RSDV.GD.ZS","","","","","","","","","","","","","","","","","","","","","","","","","","","","","","","","","","","","","","","","","","","","","","","","","","","","","","","","","","","","",
"Pakistan","PAK","Research and development expenditure (% of GDP)","GB.XPD.RSDV.GD.ZS","","","","","","","","","","","","","","","","","","","","","","","","","","","","","","","","","","","","","","0.15565","0.10919","0.1159","0.12828","0.1667","0.21977","","","0.43689","","0.6325","","0.44806","","0.32917","","0.29285","","0.24605","","0.23597","","",
"Panama","PAN","Research and development expenditure (% of GDP)","GB.XPD.RSDV.GD.ZS","","","","","","","","","","","","","","","","","","","","","","","","","","","","","","","","","","","","","0.3101","0.29911","0.26922","0.27205","0.36264","0.36074","0.3422","0.32109","0.22646","0.23183","0.23537","0.18172","0.19065","0.1321","0.14453","0.17304","0.07534","0.06206","0.14052","0.12033","0.14481","0.14699","","",
"Peru","PER","Research and development expenditure (% of GDP)","GB.XPD.RSDV.GD.ZS","","","","","","","","","","","","","","","","","","","","","","","","","","","","","","","","","","","","","","0.0836","0.10072","0.09849","0.11266","0.11096","0.10614","0.10813","0.15578","","","","","","","0.08282","0.0553","0.08174","0.10794","0.11705","0.12007","0.12101","0.12704","",
"Philippines","PHL","Research and development expenditure (% of GDP)","GB.XPD.RSDV.GD.ZS","","","","","","","","","","","","","","","","","","","","","","","","","","","","","","","","","","","","","","","","","","","0.13744","0.12994","","0.11143","","0.10963","","0.11396","","0.11726","","0.13793","","0.16415","","","","",
"Palau","PLW","Research and development expenditure (% of GDP)","GB.XPD.RSDV.GD.ZS","","","","","","","","","","","","","","","","","","","","","","","","","","","","","","","","","","","","","","","","","","","","","","","","","","","","","","","","","","","","",
"Papua New Guinea","PNG","Research and development expenditure (% of GDP)","GB.XPD.RSDV.GD.ZS","","","","","","","","","","","","","","","","","","","","","","","","","","","","","","","","","","","","","","","","","","","","","","","","","","","","","","","","","0.03158","","","",
"Poland","POL","Research and development expenditure (% of GDP)","GB.XPD.RSDV.GD.ZS","","","","","","","","","","","","","","","","","","","","","","","","","","","","","","","","","","","","","0.64036","0.64412","0.66083","0.6818","0.64202","0.62284","0.55785","0.53884","0.55251","0.56281","0.55082","0.56189","0.59921","0.66097","0.7207","0.74588","0.88086","0.87053","0.93978","1.00325","0.9641","1.03445","","",
"Pre-demographic dividend","PRE","Research and development expenditure (% of GDP)","GB.XPD.RSDV.GD.ZS","","","","","","","","","","","","","","","","","","","","","","","","","","","","","","","","","","","","","","","","","","","","","","","","","","","","","","","","","","","","",
"Puerto Rico","PRI","Research and development expenditure (% of GDP)","GB.XPD.RSDV.GD.ZS","","","","","","","","","","","","","","","","","","","","","","","","","","","","","","","","","","","","","","","","","","","","","","","","","","0.45131","","","","0.43859","","0.42883","","","","",
"Korea, Dem. People’s Rep.","PRK","Research and development expenditure (% of GDP)","GB.XPD.RSDV.GD.ZS","","","","","","","","","","","","","","","","","","","","","","","","","","","","","","","","","","","","","","","","","","","","","","","","","","","","","","","","","","","","",
"Portugal","PRT","Research and development expenditure (% of GDP)","GB.XPD.RSDV.GD.ZS","","","","","","","","","","","","","","","","","","","","","","","","","","","","","","","","","","","","","0.5495","0.5636","0.62468","0.681","0.72127","0.76452","0.72144","0.69759","0.72871","0.75707","0.95455","1.12427","1.4452","1.57973","1.53257","1.45683","1.37777","1.32641","1.28973","1.24263","1.28081","1.31682","","",
"Paraguay","PRY","Research and development expenditure (% of GDP)","GB.XPD.RSDV.GD.ZS","","","","","","","","","","","","","","","","","","","","","","","","","","","","","","","","","","","","","","","","","","0.06699","0.07493","0.06135","0.06066","0.06091","","","0.0412","","","0.04221","0.06515","","0.07921","0.09687","0.11688","0.14883","","",
"West Bank and Gaza","PSE","Research and development expenditure (% of GDP)","GB.XPD.RSDV.GD.ZS","","","","","","","","","","","","","","","","","","","","","","","","","","","","","","","","","","","","","","","","","","","","","","","","0.20833","0.16338","0.39655","0.39273","","","0.4922","","","","","","",
"Pacific island small states","PSS","Research and development expenditure (% of GDP)","GB.XPD.RSDV.GD.ZS","","","","","","","","","","","","","","","","","","","","","","","","","","","","","","","","","","","","","","","","","","","","","","","","","","","","","","","","","","","","",
"Post-demographic dividend","PST","Research and development expenditure (% of GDP)","GB.XPD.RSDV.GD.ZS","","","","","","","","","","","","","","","","","","","","","","","","","","","","","","","","","","","","","2.17282398793675","2.20079508872141","2.20520180435254","2.27320567003383","2.33618111744609","2.36747218748106","2.31085750846329","2.29986374031099","2.2515812772316","2.27173511781922","2.30009272839023","2.31399887778298","2.39990388170934","2.46760670517044","2.43847512155175","2.47118706614818","2.48945275640245","2.47271230572107","2.51458814406941","2.51579766897795","2.54642726346496","2.57926518476749","","",
"French Polynesia","PYF","Research and development expenditure (% of GDP)","GB.XPD.RSDV.GD.ZS","","","","","","","","","","","","","","","","","","","","","","","","","","","","","","","","","","","","","","","","","","","","","","","","","","","","","","","","","","","","",
"Qatar","QAT","Research and development expenditure (% of GDP)","GB.XPD.RSDV.GD.ZS","","","","","","","","","","","","","","","","","","","","","","","","","","","","","","","","","","","","","","","","","","","","","","","","","","","","","0.4786","","","0.51883","","","","",
"Romania","ROU","Research and development expenditure (% of GDP)","GB.XPD.RSDV.GD.ZS","","","","","","","","","","","","","","","","","","","","","","","","","","","","","","","","","","","","","0.67472","0.57451","0.49541","0.39832","0.36626","0.39129","0.37721","0.39708","0.38942","0.41262","0.45682","0.51148","0.55215","0.44395","0.45688","0.49832","0.48383","0.38787","0.38225","0.48793","0.48033","0.5039","","",
"Russian Federation","RUS","Research and development expenditure (% of GDP)","GB.XPD.RSDV.GD.ZS","","","","","","","","","","","","","","","","","","","","","","","","","","","","","","","","","","","","","0.96592","1.04374","0.95383","0.99623","1.04983","1.17694","1.24652","1.28603","1.15133","1.06797","1.07294","1.11611","1.04435","1.25192","1.1302","1.01261","1.02675","1.02524","1.07203","1.10076","1.09728","1.10656","","",
"Rwanda","RWA","Research and development expenditure (% of GDP)","GB.XPD.RSDV.GD.ZS","","","","","","","","","","","","","","","","","","","","","","","","","","","","","","","","","","","","","","","","","","","","","","","","","","","","","","","","","0.66627","","","",
"South Asia","SAS","Research and development expenditure (% of GDP)","GB.XPD.RSDV.GD.ZS","","","","","","","","","","","","","","","","","","","","","","","","","","","","","","","","","","","","","0.623488638434471","0.617372611881634","0.627314270253488","0.65072446406048","0.655846734772367","0.662114624133483","0.663379074047341","0.71929","0.740626171230681","0.778511389954059","0.78631952943697","0.785862639925675","0.826499389600149","0.785776408282527","0.786205209286693","0.778595587204803","","","","0.561626974705617","","","0.59738","",
"Saudi Arabia","SAU","Research and development expenditure (% of GDP)","GB.XPD.RSDV.GD.ZS","","","","","","","","","","","","","","","","","","","","","","","","","","","","","","","","","","","","","","","","","","","","0.06233","0.05315","0.0423","0.04245","0.04521","0.04902","0.07338","0.884","0.89784","0.87684","0.81516","","","","","","",
"Sudan","SDN","Research and development expenditure (% of GDP)","GB.XPD.RSDV.GD.ZS","","","","","","","","","","","","","","","","","","","","","","","","","","","","","","","","","","","","","","","","0.53007","0.47277","0.44686","0.39509","0.33982","0.29586","0.29844","","","","","","","","","","","","","","",
"Senegal","SEN","Research and development expenditure (% of GDP)","GB.XPD.RSDV.GD.ZS","","","","","","","","","","","","","","","","","","","","","","","","","","","","","","","","","","","","","","","","","","","","","","","","","0.2909","","0.43137","","","","","0.5772","","","","",
"Singapore","SGP","Research and development expenditure (% of GDP)","GB.XPD.RSDV.GD.ZS","","","","","","","","","","","","","","","","","","","","","","","","","","","","","","","","","","","","","1.31991","1.41564","1.73707","1.81624","1.81699","2.00931","2.05474","2.013","2.0891","2.15407","2.12133","2.32459","2.60205","2.13985","1.98453","2.11986","1.96457","1.96581","2.13724","2.256","2.1664","","","",
"Solomon Islands","SLB","Research and development expenditure (% of GDP)","GB.XPD.RSDV.GD.ZS","","","","","","","","","","","","","","","","","","","","","","","","","","","","","","","","","","","","","","","","","","","","","","","","","","","","","","","","","","","","",
"Sierra Leone","SLE","Research and development expenditure (% of GDP)","GB.XPD.RSDV.GD.ZS","","","","","","","","","","","","","","","","","","","","","","","","","","","","","","","","","","","","","","","","","","","","","","","","","","","","","","","","","","","","",
"El Salvador","SLV","Research and development expenditure (% of GDP)","GB.XPD.RSDV.GD.ZS","","","","","","","","","","","","","","","","","","","","","","","","","","","","","","","","","","","","","","","0.08818","","","","","","","","","0.1056","0.13399","0.0909","0.07806","0.0355","0.03397","0.06387","0.09377","0.14348","0.14515","0.18115","","",
"San Marino","SMR","Research and development expenditure (% of GDP)","GB.XPD.RSDV.GD.ZS","","","","","","","","","","","","","","","","","","","","","","","","","","","","","","","","","","","","","","","","","","","","","","","","","","","","","","","","","","","","",
"Somalia","SOM","Research and development expenditure (% of GDP)","GB.XPD.RSDV.GD.ZS","","","","","","","","","","","","","","","","","","","","","","","","","","","","","","","","","","","","","","","","","","","","","","","","","","","","","","","","","","","","",
"Serbia","SRB","Research and development expenditure (% of GDP)","GB.XPD.RSDV.GD.ZS","","","","","","","","","","","","","","","","","","","","","","","","","","","","","","","","","","","","","","0.75404","0.80135","0.99719","0.89807","0.32119","0.67954","0.52138","0.30444","0.3953","0.43985","0.57877","0.66966","0.8173","0.70228","0.68334","0.85316","0.68367","0.72309","0.81146","0.83951","0.87353","0.92132","",
"Sub-Saharan Africa (excluding high income)","SSA","Research and development expenditure (% of GDP)","GB.XPD.RSDV.GD.ZS","","","","","","","","","","","","","","","","","","","","","","","","","","","","","","","","","","","","","","","","","","","","","","","","0.466186085453409","","","","","","","","","","","","",
"South Sudan","SSD","Research and development expenditure (% of GDP)","GB.XPD.RSDV.GD.ZS","","","","","","","","","","","","","","","","","","","","","","","","","","","","","","","","","","","","","","","","","","","","","","","","","","","","","","","","","","","","",
"Sub-Saharan Africa","SSF","Research and development expenditure (% of GDP)","GB.XPD.RSDV.GD.ZS","","","","","","","","","","","","","","","","","","","","","","","","","","","","","","","","","","","","","","","","","","","","","","","","0.466186085453409","","","","","","","","","","","","",
"Small states","SST","Research and development expenditure (% of GDP)","GB.XPD.RSDV.GD.ZS","","","","","","","","","","","","","","","","","","","","","","","","","","","","","","","","","","","","","","","","","","","","","","","","","","","","","","","","","","","","",
"Sao Tome and Principe","STP","Research and development expenditure (% of GDP)","GB.XPD.RSDV.GD.ZS","","","","","","","","","","","","","","","","","","","","","","","","","","","","","","","","","","","","","","","","","","","","","","","","","","","","","","","","","","","","",
"Suriname","SUR","Research and development expenditure (% of GDP)","GB.XPD.RSDV.GD.ZS","","","","","","","","","","","","","","","","","","","","","","","","","","","","","","","","","","","","","","","","","","","","","","","","","","","","","","","","","","","","",
"Slovak Republic","SVK","Research and development expenditure (% of GDP)","GB.XPD.RSDV.GD.ZS","","","","","","","","","","","","","","","","","","","","","","","","","","","","","","","","","","","","","0.89292","1.05283","0.76611","0.64556","0.63927","0.62565","0.56389","0.56247","0.50149","0.49401","0.47563","0.44824","0.46204","0.47326","0.61614","0.66326","0.80495","0.82362","0.88008","1.17171","0.78895","0.88267","","",
"Slovenia","SVN","Research and development expenditure (% of GDP)","GB.XPD.RSDV.GD.ZS","","","","","","","","","","","","","","","","","","","","","","","","","","","","","","","","","","","","","1.26633","1.24727","1.30637","1.33814","1.3563","1.46773","1.43874","1.24528","1.36806","1.41229","1.53291","1.42382","1.62564","1.81629","2.05763","2.42358","2.57319","2.5801","2.36743","2.19504","2.01191","1.86311","","",
"Sweden","SWE","Research and development expenditure (% of GDP)","GB.XPD.RSDV.GD.ZS","","","","","","","","","","","","","","","","","","","","","","","","","","","","","","","","","","","","","","3.31489","","3.41742","","3.90785","","3.60977","3.38737","3.38312","3.49609","3.25273","3.49104","3.44598","3.21262","3.24522","3.27772","3.30252","3.14261","3.26418","3.26923","3.32707","","",
"Eswatini","SWZ","Research and development expenditure (% of GDP)","GB.XPD.RSDV.GD.ZS","","","","","","","","","","","","","","","","","","","","","","","","","","","","","","","","","","","","","","","","","","","","","","","","","","","","","","","","0.27013","","","","",
"Sint Maarten (Dutch part)","SXM","Research and development expenditure (% of GDP)","GB.XPD.RSDV.GD.ZS","","","","","","","","","","","","","","","","","","","","","","","","","","","","","","","","","","","","","","","","","","","","","","","","","","","","","","","","","","","","",
"Seychelles","SYC","Research and development expenditure (% of GDP)","GB.XPD.RSDV.GD.ZS","","","","","","","","","","","","","","","","","","","","","","","","","","","","","","","","","","","","","","","","","","0.42525","0.40707","0.41183","0.34658","0.30209","","","","","","","","","","","0.22162","","","",
"Syrian Arab Republic","SYR","Research and development expenditure (% of GDP)","GB.XPD.RSDV.GD.ZS","","","","","","","","","","","","","","","","","","","","","","","","","","","","","","","","","","","","","","","","","","","","","","","","","","","","","","","","0.02053","","","","",
"Turks and Caicos Islands","TCA","Research and development expenditure (% of GDP)","GB.XPD.RSDV.GD.ZS","","","","","","","","","","","","","","","","","","","","","","","","","","","","","","","","","","","","","","","","","","","","","","","","","","","","","","","","","","","","",
"Chad","TCD","Research and development expenditure (% of GDP)","GB.XPD.RSDV.GD.ZS","","","","","","","","","","","","","","","","","","","","","","","","","","","","","","","","","","","","","","","","","","","","","","","","","","","","","","","","","0.3005","","","",
"East Asia & Pacific (IDA & IBRD countries)","TEA","Research and development expenditure (% of GDP)","GB.XPD.RSDV.GD.ZS","","","","","","","","","","","","","","","","","","","","","","","","","","","","","","","","","","","","","0.461941239424866","0.565824485914929","0.630098411970415","0.697139223911761","0.727772133685223","0.797512535969849","0.910549644272881","1.00565308795941","1.10523062168646","1.17920489782198","1.24779627129391","1.24713935876048","1.34438763346849","1.40186937825331","1.68483946060129","1.62282760514463","1.88073268375431","1.71562718968367","1.94811890360059","1.92331856347315","1.91796783070928","1.93083111417493","","",
"Europe & Central Asia (IDA & IBRD countries)","TEC","Research and development expenditure (% of GDP)","GB.XPD.RSDV.GD.ZS","","","","","","","","","","","","","","","","","","","","","","","","","","","","","","","","","","","","","0.758767266023686","0.80310299151274","0.65350575748738","0.680205458661056","0.699217450778226","0.780462633938635","0.791760714049812","0.790924155662527","0.763801981768165","0.753953666783094","0.759975826515677","0.81364148088457","0.794215075408954","0.891259561573847","0.858369759178445","0.819918071971083","0.853146536271923","0.836694108417496","0.861147922744881","0.872622173957746","0.880721764383126","0.907598466670791","","",
"Togo","TGO","Research and development expenditure (% of GDP)","GB.XPD.RSDV.GD.ZS","","","","","","","","","","","","","","","","","","","","","","","","","","","","","","","","","","","","","","","","","","","","","","","","","","","0.23477","","0.22324","","0.26654","","","","","",
"Thailand","THA","Research and development expenditure (% of GDP)","GB.XPD.RSDV.GD.ZS","","","","","","","","","","","","","","","","","","","","","","","","","","","","","","","","","","","","","0.11918","0.10214","","0.24836","0.24471","0.25231","0.23055","0.24534","0.23829","0.21889","0.23271","0.2008","0.20331","0.23455","","0.36146","","0.44164","0.47988","0.61609","0.7802","1.00403","","",
"Tajikistan","TJK","Research and development expenditure (% of GDP)","GB.XPD.RSDV.GD.ZS","","","","","","","","","","","","","","","","","","","","","","","","","","","","","","","","","","","","","","","","","","0.08953","0.07068","0.06885","0.06697","0.0957","0.10732","0.06778","0.06983","0.08577","0.08914","0.12148","0.11432","0.11851","0.11624","0.10888","0.10683","0.11536","0.09703","",
"Turkmenistan","TKM","Research and development expenditure (% of GDP)","GB.XPD.RSDV.GD.ZS","","","","","","","","","","","","","","","","","","","","","","","","","","","","","","","","","","","","","","","","","","","","","","","","","","","","","","","","","","","","",
"Latin America & the Caribbean (IDA & IBRD countries)","TLA","Research and development expenditure (% of GDP)","GB.XPD.RSDV.GD.ZS","","","","","","","","","","","","","","","","","","","","","","","","","","","","","","","","","","","","","","","","","0.569081187472591","0.541473695343412","0.531429761446064","0.556617740851622","0.56620870742691","0.594188603460281","0.593781063984286","0.639481412301043","0.684161118470315","0.715383127581721","0.749773508728393","0.728100397490161","0.704676807412968","0.741647692848098","0.768122543460578","0.790343032185517","0.750915499127587","0.871249097867141","","",
"Timor-Leste","TLS","Research and development expenditure (% of GDP)","GB.XPD.RSDV.GD.ZS","","","","","","","","","","","","","","","","","","","","","","","","","","","","","","","","","","","","","","","","","","","","","","","","","","","","","","","","","","","","",
"Middle East & North Africa (IDA & IBRD countries)","TMN","Research and development expenditure (% of GDP)","GB.XPD.RSDV.GD.ZS","","","","","","","","","","","","","","","","","","","","","","","","","","","","","","","","","","","","","","","","","","","","","","","","","","0.304037907902987","0.331843424531747","","","","","0.462189023231758","","0.604774571150448","","",
"Tonga","TON","Research and development expenditure (% of GDP)","GB.XPD.RSDV.GD.ZS","","","","","","","","","","","","","","","","","","","","","","","","","","","","","","","","","","","","","","","","","","","","","","","","","","","","","","","","","","","","",
"South Asia (IDA & IBRD)","TSA","Research and development expenditure (% of GDP)","GB.XPD.RSDV.GD.ZS","","","","","","","","","","","","","","","","","","","","","","","","","","","","","","","","","","","","","0.623488638434471","0.617372611881634","0.627314270253488","0.65072446406048","0.655846734772367","0.662114624133483","0.663379074047341","0.71929","0.740626171230681","0.778511389954059","0.78631952943697","0.785862639925675","0.826499389600149","0.785776408282527","0.786205209286693","0.778595587204803","","","","0.561626974705617","","","0.59738","",
"Sub-Saharan Africa (IDA & IBRD countries)","TSS","Research and development expenditure (% of GDP)","GB.XPD.RSDV.GD.ZS","","","","","","","","","","","","","","","","","","","","","","","","","","","","","","","","","","","","","","","","","","","","","","","","0.466186085453409","","","","","","","","","","","","",
"Trinidad and Tobago","TTO","Research and development expenditure (% of GDP)","GB.XPD.RSDV.GD.ZS","","","","","","","","","","","","","","","","","","","","","","","","","","","","","","","","","","","","","0.10325","0.11553","0.12715","0.12292","0.108","0.10417","0.13178","0.11501","0.11441","0.11431","0.07233","0.05922","0.03072","0.05665","0.04771","0.04024","0.04377","0.057","0.08213","0.08602","0.0941","0.09204","","",
"Tunisia","TUN","Research and development expenditure (% of GDP)","GB.XPD.RSDV.GD.ZS","","","","","","","","","","","","","","","","","","","","","","","","","","","","","","","","","","","","","","","","","","","0.54302","0.65043","0.73095","0.71195","0.67726","0.66551","0.6394","0.70644","0.69026","0.70863","0.68206","0.67071","0.65423","0.62967","0.60353","","0.59997","",
"Turkey","TUR","Research and development expenditure (% of GDP)","GB.XPD.RSDV.GD.ZS","","","","","","","","","","","","","","","","","","","","","","","","","","","","","","","","","","","","","0.45159","0.49169","0.36224","0.45646","0.46783","0.52638","0.51294","0.46945","0.50215","0.56931","0.55749","0.69182","0.69292","0.8094","0.79892","0.79988","0.83217","0.81821","0.86077","0.8815","0.94464","0.96105","","",
"Tuvalu","TUV","Research and development expenditure (% of GDP)","GB.XPD.RSDV.GD.ZS","","","","","","","","","","","","","","","","","","","","","","","","","","","","","","","","","","","","","","","","","","","","","","","","","","","","","","","","","","","","",
"Tanzania","TZA","Research and development expenditure (% of GDP)","GB.XPD.RSDV.GD.ZS","","","","","","","","","","","","","","","","","","","","","","","","","","","","","","","","","","","","","","","","","","","","","","","","0.33462","","","0.37307","","","0.51456","","","","","","",
"Uganda","UGA","Research and development expenditure (% of GDP)","GB.XPD.RSDV.GD.ZS","","","","","","","","","","","","","","","","","","","","","","","","","","","","","","","","","","","","","","","","","","","0.36756","0.25612","0.26056","0.21514","0.30033","0.38821","0.32632","0.35331","0.47556","","","","0.17043","","","","","",
"Ukraine","UKR","Research and development expenditure (% of GDP)","GB.XPD.RSDV.GD.ZS","","","","","","","","","","","","","","","","","","","","","","","","","","","","","","","","","","","","","","1.1923","1.06993","0.96968","0.96213","1.02429","0.99917","1.11287","1.08258","1.03197","0.95","0.85403","0.84727","0.85727","0.83346","0.7378","0.75167","0.76175","0.65034","0.61477","0.48339","0.44839","0.47134","",
"Upper middle income","UMC","Research and development expenditure (% of GDP)","GB.XPD.RSDV.GD.ZS","","","","","","","","","","","","","","","","","","","","","","","","","","","","","","","","","","","","","","0.535840798842654","","0.571974902145172","0.679432976155525","0.704248358205799","0.761942758483339","0.801479907666737","0.822863341892006","0.863943245525319","0.892190106410879","0.952995809982707","0.980473194448029","1.13426812971134","1.16322594368046","1.19770005592227","1.28009435004917","1.33974811507501","1.40546475959312","1.50983997242042","1.57810229701614","1.64828817138111","","",
"Uruguay","URY","Research and development expenditure (% of GDP)","GB.XPD.RSDV.GD.ZS","","","","","","","","","","","","","","","","","","","","","","","","","","","","","","","","","","","","","0.26501","0.34994","0.19186","0.22417","0.20925","","0.23818","","","","0.36539","0.42472","0.37973","0.41252","0.34115","0.3487","0.3276","0.32113","0.33579","0.36446","0.40845","0.48393","","",
"United States","USA","Research and development expenditure (% of GDP)","GB.XPD.RSDV.GD.ZS","","","","","","","","","","","","","","","","","","","","","","","","","","","","","","","","","","","","","2.45001","2.47983","2.50401","2.54965","2.62879","2.6483","2.55926","2.56455","2.50243","2.51697","2.55764","2.63161","2.76791","2.8127","2.7354","2.76525","2.68166","2.70971","2.7192","2.71744","2.75966","2.78798","","",
"Uzbekistan","UZB","Research and development expenditure (% of GDP)","GB.XPD.RSDV.GD.ZS","","","","","","","","","","","","","","","","","","","","","","","","","","","","","","","","","","","","","","","","","0.36063","0.34544","0.29356","0.26825","0.27041","0.23741","0.22395","0.21721","0.19354","0.20315","0.19523","0.19499","0.2021","0.19662","0.16172","0.17373","0.18156","0.15566","0.12976","",
"St. Vincent and the Grenadines","VCT","Research and development expenditure (% of GDP)","GB.XPD.RSDV.GD.ZS","","","","","","","","","","","","","","","","","","","","","","","","","","","","","","","","","","","","","","","","","","0.04306","0.12028","","","","","","","","","","","","","","","","","",
"Venezuela, RB","VEN","Research and development expenditure (% of GDP)","GB.XPD.RSDV.GD.ZS","","","","","","","","","","","","","","","","","","","","","","","","","","","","","","","","","","","","","","","","","","","","","","0.18907","0.31742","0.2011","0.23803","0.24014","0.18823","0.15296","0.2501","0.31853","0.33713","","","","","",
"British Virgin Islands","VGB","Research and development expenditure (% of GDP)","GB.XPD.RSDV.GD.ZS","","","","","","","","","","","","","","","","","","","","","","","","","","","","","","","","","","","","","","","","","","","","","","","","","","","","","","","","","","","","",
"Virgin Islands (U.S.)","VIR","Research and development expenditure (% of GDP)","GB.XPD.RSDV.GD.ZS","","","","","","","","","","","","","","","","","","","","","","","","","","","","","","","","","","","","","","","","","","","0.06603","0.03765","0.03422","0.02929","0.03108","0.02707","","","","","","","","","","","","",
"Vietnam","VNM","Research and development expenditure (% of GDP)","GB.XPD.RSDV.GD.ZS","","","","","","","","","","","","","","","","","","","","","","","","","","","","","","","","","","","","","","","","","","","0.19273","","","","","","","","","0.19044","","0.37359","","0.44113","","0.52674","","",
"Vanuatu","VUT","Research and development expenditure (% of GDP)","GB.XPD.RSDV.GD.ZS","","","","","","","","","","","","","","","","","","","","","","","","","","","","","","","","","","","","","","","","","","","","","","","","","","","","","","","","","","","","",
"World","WLD","Research and development expenditure (% of GDP)","GB.XPD.RSDV.GD.ZS","","","","","","","","","","","","","","","","","","","","","","","","","","","","","","","","","","","","","1.97246405192879","1.97072509441577","1.98424785135173","2.0594484011553","2.06000773468889","2.0803504758255","2.04369987332878","2.03265258154986","1.98469534037437","1.96698790520354","1.97548937337699","1.94314391672824","1.99633089925708","2.03445317810737","2.02113857505912","2.00910162775299","2.07282110709377","2.02821333557444","2.11470378868495","2.09069104361008","2.17572325044894","2.21812137681884","","",
"Samoa","WSM","Research and development expenditure (% of GDP)","GB.XPD.RSDV.GD.ZS","","","","","","","","","","","","","","","","","","","","","","","","","","","","","","","","","","","","","","","","","","","","","","","","","","","","","","","","","","","","",
"Kosovo","XKX","Research and development expenditure (% of GDP)","GB.XPD.RSDV.GD.ZS","","","","","","","","","","","","","","","","","","","","","","","","","","","","","","","","","","","","","","","","","","","","","","","","","","","","","","","","","","","","",
"Yemen, Rep.","YEM","Research and development expenditure (% of GDP)","GB.XPD.RSDV.GD.ZS","","","","","","","","","","","","","","","","","","","","","","","","","","","","","","","","","","","","","","","","","","","","","","","","","","","","","","","","","","","","",
"South Africa","ZAF","Research and development expenditure (% of GDP)","GB.XPD.RSDV.GD.ZS","","","","","","","","","","","","","","","","","","","","","","","","","","","","","","","","","","","","","","0.58354","","","","0.71578","","0.76051","0.81334","0.86315","0.89815","0.88287","0.88816","0.83562","0.73704","0.73451","0.73363","0.72488","0.77115","0.79846","0.81882","","","",
"Zambia","ZMB","Research and development expenditure (% of GDP)","GB.XPD.RSDV.GD.ZS","","","","","","","","","","","","","","","","","","","","","","","","","","","","","","","","","","","","","0.01104","0.00737","","","","","0.00544","0.00847","0.02223","0.02493","","","0.27819","","","","","","","","","","","",
"Zimbabwe","ZWE","Research and development expenditure (% of GDP)","GB.XPD.RSDV.GD.ZS","","","","","","","","","","","","","","","","","","","","","","","","","","","","","","","","","","","","","","","","","","","","","","","","","","","","","","","","","","","","",
